id,package_name,BLOB,LM,SAK,CC,IGS,MIM,NLMR,LIC
2,com.f2prateek.dfg,3,112,0,20,21,5,0,19
4,com.midisheetmusic,3,82,0,8,17,0,5,14
5,info.guardianproject.checkey,0,0,0,0,0,0,0,0
10,ohi.andre.consolelauncher,0,27,0,7,3,30,1,31
11,ohi.andre.consolelauncher,0,28,0,8,4,31,2,32
12,biz.codefuture.svgviewer,0,0,0,0,0,0,0,0
14,org.connectbot,10,217,0,27,23,26,9,96
15,org.connectbot,11,218,0,28,24,27,10,97
30,com.github.grimpy.botifier,0,0,0,0,0,0,0,4
32,com.twofours.surespot,0,0,0,0,0,0,0,0
37,org.nick.wwwjdic,34,261,2,63,33,37,6,135
38,org.nick.wwwjdic,27,256,0,57,27,32,0,129
42,net.pierrox.mcompass,0,7,0,0,0,0,0,0
46,de.msal.muzei.nationalgeographic,17,173,12,93,160,47,1,62
49,org.geometerplus.fbreader.plugin.local,0,62,0,2,73,0,0,0
51,org.mysociety.FixMyStreet,5,56,0,12,1,11,0,20
64,mohammad.adib.roundr,0,14,0,1,0,18,1,19
72,com.foxykeep.lifecounter,0,0,0,0,0,0,0,0
75,at.bitfire.cadroid,0,6,0,0,0,0,0,0
77,mobi.omegacentauri.SendReduced,0,12,0,2,0,0,3,3
86,com.ihunda.android.binauralbeat,0,22,0,0,0,3,0,31
88,de.reimardoeffinger.quickdic,6,247,0,43,40,20,3,0
89,de.reimardoeffinger.quickdic,7,248,0,44,41,21,4,0
93,com.ghostsq.commander,5,280,0,34,27,23,1,78
95,com.namelessdev.mpdroid,14,134,0,24,45,17,9,103
96,com.namelessdev.mpdroid,23,197,0,42,18,37,8,114
97,org.androidsoft.coloring,0,4,0,0,0,0,0,5
100,com.byagowi.persiancalendar,0,43,0,2,14,5,0,0
101,com.byagowi.persiancalendar,1,45,0,3,15,6,1,0
104,it.greenaddress.cordova,0,0,0,0,0,0,0,0
108,com.fsck.k9,0,0,0,0,0,0,0,0
109,com.fsck.k9,0,0,0,0,0,0,0,0
110,com.fsck.k9,0,0,0,0,0,0,0,0
112,org.dmfs.tasks,4,109,0,14,1,17,3,0
113,org.dmfs.tasks,10,207,0,33,7,27,6,0
114,com.simplemobiletools.filemanager,0,1,0,0,0,0,0,0
115,com.numix.calculator,0,0,0,0,0,0,0,0
116,com.maskyn.fileeditorpro,8,185,0,20,6,8,2,105
119,net.fred.feedex,0,130,0,19,7,10,0,0
121,net.fred.feedex,10,267,0,55,36,50,0,0
122,org.passwordmaker.android,4,55,0,8,11,14,2,38
125,jp.forkhub,0,0,0,0,0,0,0,0
129,com.mgaetan89.showsrage,0,0,0,0,0,0,0,0
135,com.pindroid,5,63,0,10,20,1,9,63
137,marto.rtl,0,3,0,0,0,0,0,14
138,net.osmand.plus,0,0,0,0,0,0,0,0
139,net.osmand.plus,0,0,0,0,0,0,0,0
140,net.osmand.plus,0,0,0,0,0,0,0,0
152,org.openintents.safe,4,82,0,13,0,0,17,87
155,com.nolanlawson.keepscore,24,198,1,48,24,36,7,0
156,org.thialfihar.android.apg,7,488,0,53,149,205,0,85
157,org.thialfihar.android.apg,0,0,0,0,0,0,0,0
163,org.iilab.pb,4,96,0,12,24,4,2,70
166,de.j4velin.systemappmover,0,23,0,0,0,0,0,22
168,com.amabyte.vtucslabmanual,0,31,0,3,1,0,3,0
169,jwtc.android.chess,7,125,0,11,12,9,11,145
171,com.drodin.tuxrider,0,3,0,0,0,0,0,4
179,com.juet.attendance,18,115,0,39,21,29,4,68
184,com.moez.QKSMS,0,0,0,0,0,0,0,0
185,com.moez.QKSMS,0,0,0,0,0,0,0,0
186,com.moez.QKSMS,0,0,0,0,0,0,0,0
190,com.manuelmaly.hn,5,79,2,16,24,29,7,39
197,org.michaelevans.nightmodeenabler,0,0,0,0,0,0,0,0
199,org.linphone,9,181,13,27,13,10,10,181
200,org.linphone,14,201,16,34,13,8,12,217
202,ru.gelin.android.sendtosd,0,7,0,0,0,0,0,7
203,ru.gelin.android.sendtosd,0,12,0,0,2,0,1,12
209,org.servalproject,19,222,9,81,52,15,26,114
216,de.eidottermihi.raspicheck,0,0,0,0,0,0,0,0
221,net.bible.android.activity,0,0,0,0,0,0,0,0
222,net.bible.android.activity,0,0,0,0,0,0,0,0
231,fr.neamar.kiss,0,28,0,0,0,0,0,25
233,fr.neamar.kiss,0,33,0,2,0,2,0,31
234,de.onyxbits.sensorreadout,2,45,0,8,7,4,2,1
238,com.nathanosman.chronosnap,0,0,0,0,0,0,0,1
258,com.bleyl.recurrence,3,47,0,7,0,2,5,0
259,org.wheelmap.android.online,19,423,3,88,56,91,11,64
271,me.guillaumin.android.osmtracker,4,128,0,10,32,28,1,75
273,de.yazo,0,3,0,0,0,0,2,2
274,com.frozendevs.cache.cleaner,0,5,0,0,0,0,1,10
275,com.frozendevs.cache.cleaner,0,0,0,0,0,0,0,4
276,com.frozendevs.cache.cleaner,0,4,0,0,0,0,0,10
277,com.palliser.nztides,0,1,0,0,0,0,0,0
278,com.roguetemple.hyperroid,0,5,0,0,0,0,0,3
279,org.dsandler.apps.markers,1,22,0,2,0,6,0,7
282,org.scid.android,4,112,0,17,3,11,14,74
283,com.dozingcatsoftware.bouncy,0,0,0,0,0,0,0,0
284,de.repat.mosf,0,0,0,0,0,0,0,0
288,net.sourceforge.opencamera,4,103,0,13,16,14,1,95
289,net.sourceforge.opencamera,0,101,0,7,11,8,0,89
290,net.sourceforge.opencamera,3,117,0,13,17,15,0,98
292,org.sickstache,23,175,1,55,33,54,4,167
295,net.bytten.xkcdviewer,0,3,0,0,0,0,0,19
299,com.watabou.pixeldungeon,13,284,0,34,25,72,0,153
300,com.watabou.pixeldungeon,14,294,0,36,26,74,0,155
302,com.concentricsky.android.khan,0,0,0,0,0,0,0,0
307,com.alfray.timeriffic,0,54,0,5,0,2,0,40
315,name.boyle.chris.sgtpuzzles,2,54,0,3,0,0,6,48
316,name.boyle.chris.sgtpuzzles,0,50,0,0,0,0,0,47
318,github.daneren2005.dsub,18,309,0,44,24,17,3,220
319,github.daneren2005.dsub,0,0,0,0,0,0,0,0
325,cx.ring,9,353,1,75,10,13,4,0
327,me.writeily,3,65,0,15,18,7,6,81
350,de.srlabs.snoopsnitch,0,0,0,0,0,0,0,0
351,de.srlabs.snoopsnitch,0,0,0,0,0,0,0,0
354,ro.mihai.tpt,0,24,0,3,4,9,3,18
360,com.nextcloud.client,28,335,0,57,104,36,8,173
362,com.gimranov.zandy.app,0,75,0,1,5,0,5,81
364,com.colinmcdonough.android.torch,0,0,0,0,0,0,0,0
368,app.easytoken,1,60,0,5,1,0,4,31
373,vu.de.urpool.quickdroid,0,18,0,0,0,0,0,14
374,com.kaneoriley.cyanogenport.launcher3,0,0,0,0,0,0,0,0
376,fr.herverenault.selfhostedgpstracker,0,5,0,0,0,0,1,6
378,de.szalkowski.activitylauncher,0,0,0,0,0,0,0,4
382,org.brandroid.openmanager,0,0,0,0,0,0,0,0
400,info.papdt.blackblub,5,43,1,8,8,10,0,32
409,com.nauj27.android.colorpicker,0,0,0,0,0,0,0,0
413,acr.browser.lightning,0,0,0,0,0,0,0,0
414,acr.browser.lightning,7,179,3,30,5,7,2,0
415,acr.browser.lightning,3,193,0,33,1,7,0,0
420,com.github.andlyticsproject,27,268,1,60,76,49,6,165
422,com.github.andlyticsproject,28,270,2,61,71,50,7,166
428,org.numixproject.iconsubmit,0,3,0,0,0,0,0,1
431,de.ub0r.android.callmeter,18,254,0,59,22,37,4,117
432,de.qspool.clementineremote,0,0,0,0,0,0,0,0
433,de.qspool.clementineremote,0,0,0,0,0,0,0,0
434,de.qspool.clementineremote,0,0,0,0,0,0,0,0
440,com.shahul3d.indiasatelliteweather,11,153,4,32,33,20,1,63
441,com.dozingcatsoftware.cameratimer,0,2,0,0,0,0,0,2
448,org.yuttadhammo.BodhiTimer,0,34,0,0,0,0,3,0
454,com.ghstudios.android.mhgendatabase,5,158,0,14,10,19,0,89
455,goo.TeaTimer,0,2,0,0,0,0,0,0
461,net.pmarks.chromadoze,0,37,0,5,2,1,0,13
465,org.ligi.vaporizercontrol,0,0,0,0,0,0,0,0
469,net.kervala.comicsreader,0,52,0,2,0,0,0,8
471,net.kervala.comicsreader,3,59,0,7,3,5,3,13
476,org.yaxim.androidclient,27,338,3,70,37,43,5,160
479,com.gelakinetic.mtgfam,0,0,0,0,0,0,0,0
480,com.gelakinetic.mtgfam,0,0,0,0,0,0,0,0
481,com.gelakinetic.mtgfam,0,0,0,0,0,0,0,0
484,nitezh.ministock,0,24,0,0,5,0,0,19
485,nitezh.ministock,0,29,0,2,10,0,3,24
489,com.app.missednotificationsreminder,0,0,0,0,0,0,0,0
490,us.bravender.android.dongsa,0,0,0,0,0,0,0,0
496,org.qii.weiciyuan,9,163,0,33,123,33,0,233
498,com.termux.api,0,18,0,0,0,0,1,11
501,eu.faircode.netguard,0,133,0,8,0,0,0,0
507,jackpal.androidterm,7,78,0,12,5,9,4,43
514,com.knirirr.beecount,0,24,0,1,0,0,7,19
515,com.knirirr.beecount,0,19,0,0,0,0,1,15
516,com.knirirr.beecount,0,24,0,0,0,0,6,20
520,com.farmerbb.taskbar,0,0,0,0,0,0,0,0
521,com.farmerbb.taskbar,0,39,0,1,0,0,7,0
522,org.jessies.dalvikexplorer,0,13,0,0,0,0,1,5
526,com.aselalee.trainschedule,1,18,0,2,0,5,4,26
527,com.aselalee.trainschedule,0,17,0,0,0,0,0,23
528,com.aselalee.trainschedule,0,22,0,2,0,4,3,28
531,com.ds.avare,17,239,0,25,6,19,17,190
533,giraffine.dimmer,0,24,0,0,0,0,0,20
534,giraffine.dimmer,1,29,0,4,2,0,0,25
536,dk.andsen.asqlitemanager,2,115,0,7,0,3,15,0
538,in.blogspot.anselmbros.torchie,0,11,0,0,0,0,0,0
539,in.blogspot.anselmbros.torchie,0,20,0,3,0,0,1,0
542,org.andglkmod.hunkypunk,3,35,0,10,10,2,3,52
545,org.wordpress.android,0,0,0,0,0,0,0,0
546,com.pilockerstable,0,9,0,0,2,0,2,33
548,com.yassirh.digitalocean,15,254,4,50,60,65,3,119
555,org.ametro,6,154,0,21,4,8,12,65
557,de.blinkt.openvpn,6,106,0,9,1,4,4,69
558,de.blinkt.openvpn,7,109,0,11,2,5,5,70
559,de.blinkt.openvpn,1,105,0,5,0,0,0,58
563,it.iiizio.epubator,0,0,0,0,0,0,0,0
564,org.openintents.shopping,2,79,0,6,10,7,11,65
571,com.jefftharris.passwdsafe,0,0,0,0,0,0,0,0
572,com.jefftharris.passwdsafe,0,0,0,0,0,0,0,0
578,com.ghostsq.commander.samba,6,205,0,23,41,5,0,9
579,com.nononsenseapps.notepad,26,307,0,101,130,36,1,167
580,com.nononsenseapps.notepad,31,316,2,106,136,41,6,175
581,com.nononsenseapps.notepad,0,0,0,0,0,0,0,0
582,com.harleensahni.android.mbr,0,0,0,0,0,0,0,2
585,be.ppareit.shutdown,0,23,0,1,0,0,0,20
589,com.morlunk.mumbleclient,0,0,0,0,0,0,0,0
590,com.morlunk.mumbleclient,0,0,0,0,0,0,0,0
591,com.morlunk.mumbleclient,0,0,0,0,0,0,0,0
593,org.transdroid.lite,0,0,0,0,0,0,0,0
594,org.transdroid.lite,0,0,0,0,0,0,0,0
595,org.transdroid.lite,0,0,0,0,0,0,0,0
599,org.montrealtransit.android.schedule.stmbus,0,1,0,0,0,0,0,0
603,com.doplgangr.secrecy,1,82,0,8,12,0,0,0
605,org.quantumbadger.redreader,0,0,0,0,0,0,0,0
608,org.totschnig.myexpenses,0,0,0,0,0,0,0,0
609,net.nurik.roman.muzei,4,127,0,21,3,18,0,89
612,com.soyblue.bluesound,0,0,0,0,0,0,0,0
625,org.tint,6,76,1,17,6,22,3,153
626,com.thibaudperso.sonycamera,0,2,0,0,0,0,0,42
628,com.thibaudperso.sonycamera,0,29,0,4,6,6,0,65
642,org.kde.necessitas.ministro,1,25,0,2,0,2,1,12
643,org.kde.necessitas.ministro,0,38,0,0,0,0,0,10
646,org.odk.collect.android,0,0,0,0,0,0,0,0
649,org.sagemath.droid,3,27,0,3,2,7,0,24
650,de.onyxbits.remotekeyboard,0,47,0,2,10,1,0,0
651,de.onyxbits.remotekeyboard,2,52,0,7,15,6,3,2
652,de.onyxbits.remotekeyboard,3,53,1,8,16,7,4,3
653,org.sipdroid.sipua,7,179,0,33,39,13,3,35
654,org.sipdroid.sipua,12,185,1,38,44,18,8,42
655,org.sipdroid.sipua,13,186,2,39,45,19,9,43
657,com.willhauck.linconnectclient,0,1,0,0,0,0,0,11
658,com.willhauck.linconnectclient,0,6,0,0,0,1,0,16
661,org.yuttadhammo.tipitaka,29,222,1,50,36,33,17,163
678,de.ub0r.android.smsdroid,16,167,0,43,19,23,3,77
681,org.traccar.client,0,2,0,0,0,0,2,11
682,dev.ukanth.ufirewall,12,195,2,32,22,20,11,154
684,dev.ukanth.ufirewall,0,0,0,0,0,0,0,0
689,uk.org.ngo.squeezer,6,81,0,11,28,29,1,115
692,de.jurihock.voicesmith,0,17,0,4,5,20,4,0
706,com.axelby.podax,0,139,0,13,35,8,0,96
708,com.axelby.podax,2,161,0,18,48,14,2,91
711,net.momodalo.app.vimtouch,5,58,0,13,12,6,4,29
715,com.gulshansingh.hackerlivewallpaper,0,5,0,0,0,0,0,0
721,com.jforce.chapelhillnextbus,13,138,0,38,40,18,0,137
724,com.googlecode.gtalksms,0,0,0,0,0,0,0,0
729,com.duckduckgo.mobile.android,0,0,0,0,0,0,0,0
730,com.duckduckgo.mobile.android,0,0,0,0,0,0,0,0
731,ru.meefik.busybox,0,12,0,0,0,0,2,6
734,com.totsp.crossword.shortyz,0,0,0,0,0,0,0,0
735,com.tmarki.comicmaker,2,45,0,5,0,3,0,38
739,me.bpear.archonpackager,4,65,0,12,1,11,1,14
750,com.vuze.android.remote,0,0,0,0,0,0,0,0
751,com.vuze.android.remote,0,0,0,0,0,0,0,0
752,com.ringdroid,2,42,0,6,0,12,2,48
753,com.ringdroid,0,29,0,0,0,0,0,37
754,com.ringdroid,2,39,0,3,1,0,1,42
757,com.mill,4,25,0,6,1,1,1,14
758,com.code61.deadpixel,0,0,0,0,0,0,0,10
762,com.hectorone.multismssender,0,8,0,0,0,0,4,10
771,com.gpl.rpg.AndorsTrail,10,110,0,23,11,4,16,128
780,com.frostwire.android,0,0,0,0,0,0,0,0
783,org.tasks,0,0,0,0,0,0,0,0
784,org.developfreedom.wordpowermadeeasy,0,1,0,0,0,0,0,1
789,com.google.android.apps.authenticator2,0,11,0,0,0,0,0,20
795,com.vrem.wifianalyzer,1,36,0,6,96,3,1,0
796,com.vrem.wifianalyzer,2,37,0,7,97,4,2,0
797,com.vrem.wifianalyzer,0,33,0,1,90,0,0,0
799,com.shatteredpixel.shatteredpixeldungeon,11,398,0,47,29,83,0,194
800,com.shatteredpixel.shatteredpixeldungeon,12,405,0,47,22,84,0,198
801,com.shatteredpixel.shatteredpixeldungeon,6,409,0,43,16,75,0,0
805,com.darshancomputing.BatteryIndicator,1,16,0,2,0,0,2,8
807,com.darshancomputing.BatteryIndicator,0,19,0,2,0,0,3,9
809,com.MarcosDiez.shareviahttp,0,6,0,0,0,0,0,4
811,com.MarcosDiez.shareviahttp,0,8,0,0,0,0,0,5
815,com.ghostsq.commander.sftp,1,117,0,9,10,7,0,5
832,com.owncloud.android,20,315,0,46,101,30,3,156
833,com.owncloud.android,26,327,0,52,106,35,8,161
834,com.owncloud.android,27,332,0,55,107,37,10,168
841,de.danoeh.antennapod,0,0,0,0,0,0,0,0
842,de.danoeh.antennapod,0,0,0,0,0,0,0,0
843,de.danoeh.antennapod,0,0,0,0,0,0,0,0
845,mazechazer.android.wottankquiz,0,1,0,0,0,0,0,3
846,com.github.wdkapps.fillup,7,100,0,11,50,3,8,24
852,damo.three.ie,12,247,7,82,106,31,5,37
856,teaonly.droideye,0,6,0,0,0,0,0,7
857,teaonly.droideye,4,45,0,7,6,8,0,13
863,com.achep.acdisplay,16,188,0,31,11,33,2,161
866,com.eleybourn.bookcatalogue,0,0,0,0,0,0,0,0
867,eu.mrogalski.saidit,0,11,0,0,0,0,0,0
872,com.angrydoughnuts.android.alarmclock,0,27,0,0,3,1,4,75
873,com.angrydoughnuts.android.alarmclock,0,21,0,0,0,0,0,69
886,com.xargsgrep.portknocker,16,105,0,37,22,27,4,68
888,com.nilhcem.hostseditor,20,175,1,49,37,28,5,102
890,com.jadn.cc,0,45,0,3,0,3,0,60
891,com.jadn.cc,0,56,0,8,0,8,2,66
900,org.jsl.wfwt,6,92,0,9,0,0,0,47
901,org.npr.android.news,12,401,0,73,51,96,0,70
907,com.brapeba.roaminginfo,0,0,0,0,0,0,2,2
912,com.gmail.jerickson314.sdscanner,0,4,0,0,0,0,0,2
916,com.olam,0,3,0,0,0,0,0,0
919,de.ub0r.android.smsdroid,0,0,0,0,0,0,0,0
922,org.ppsspp.ppsspp,0,9,0,2,0,5,1,14
924,com.catchingnow.tinyclipboardmanager,0,12,0,0,0,0,0,37
925,com.catchingnow.tinyclipboardmanager,1,22,0,3,0,0,0,45
926,com.catchingnow.tinyclipboardmanager,1,24,0,3,0,2,1,53
929,com.zaren,0,19,0,0,10,0,0,22
931,ru.gelin.android.weather.notification,0,30,0,0,42,4,2,11
933,ru.gelin.android.weather.notification,0,31,0,0,44,5,3,11
939,org.kost.nmap.android.networkmapper,0,9,0,0,0,0,0,6
945,org.wikipedia,0,0,0,0,0,0,0,0
946,org.wikipedia,0,0,0,0,0,0,0,0
947,org.wikipedia,0,0,0,0,0,0,0,0
957,trikita.slide,7,88,0,22,21,7,0,101
958,fr.simon.marquis.secretcodes,0,9,0,0,0,2,0,6
962,org.geometerplus.zlibrary.ui.android,11,413,2,80,40,82,22,308
963,org.geometerplus.zlibrary.ui.android,16,417,7,85,45,87,29,315
974,com.easytarget.micopi,0,15,0,1,0,0,1,4
975,com.easytarget.micopi,0,7,0,0,0,0,0,0
976,com.easytarget.micopi,0,12,0,0,0,0,0,5
979,com.googlecode.networklog,25,232,1,54,27,38,6,161
982,de.measite.contactmerger,0,0,0,0,0,0,0,0
985,com.simplemobiletools.calendar,9,132,0,29,82,48,0,0
991,com.simplemobiletools.musicplayer,2,10,0,3,10,1,1,0
1002,com.bri1.soundbored,0,0,0,0,0,0,0,0
1010,com.android.keepass,5,108,0,18,53,63,4,68
1011,com.android.keepass,6,109,0,19,54,64,5,70
1012,com.android.keepass,0,104,0,13,48,58,0,64
1013,com.dougkeen.bart,0,0,0,0,0,0,0,0
1014,com.dougkeen.bart,0,0,0,0,0,0,0,0
1022,ru.gelin.android.browser.open,0,0,0,0,0,0,0,0
1034,au.com.wallaceit.reddinator,19,301,1,55,14,33,12,193
1042,us.shandian.giga,2,67,0,14,18,5,1,63
1043,de.mangelow.network,0,0,0,0,0,0,0,0
1045,org.scummvm.scummvm,0,5,0,0,0,0,0,5
1046,ch.blinkenlights.battery,0,0,0,0,0,0,0,7
1051,org.tamanegi.atmosphere,0,4,0,0,0,0,0,3
1054,com.llamacorp.equate,6,39,0,8,79,0,0,25
1055,org.libreoffice.impressremote,0,2,0,3,4,1,5,0
1057,org.libreoffice.impressremote,0,0,0,0,0,0,0,0
1061,com.mattgmg.miracastwidget,0,0,0,0,0,0,0,0
1063,com.manor.currentwidget,1,45,0,11,8,3,3,17
1064,com.manor.currentwidget,0,50,0,5,3,0,0,11
1066,org.helllabs.android.xmp,1,44,0,6,0,6,4,53
1067,org.helllabs.android.xmp,3,43,0,7,0,2,5,0
1073,de.azapps.mirakelandroid,0,0,0,0,0,0,0,0
1074,org.kde.kdeconnect,0,0,0,0,0,0,0,0
1075,org.kde.kdeconnect,0,0,0,0,0,0,0,0
1076,org.kde.kdeconnect,0,0,0,0,0,0,0,0
1078,com.banasiak.coinflip,0,8,0,0,0,0,2,5
1079,com.banasiak.coinflip,1,9,0,0,0,0,3,6
1080,org.smssecure.smssecure,0,0,0,0,0,0,0,0
1082,org.smssecure.smssecure,0,0,0,0,0,0,0,0
1084,org.smssecure.smssecure,0,0,0,0,0,0,0,0
1086,org.smssecure.smssecure,0,0,0,0,0,0,0,0
1088,net.androgames.level,0,8,0,0,0,0,0,0
1099,org.scoutant.cc,1,19,0,4,1,0,1,19
1100,com.nkanaev.comics,0,0,0,0,0,0,0,0
1107,ch.corten.aha.worldclock,23,186,0,52,40,33,3,76
1108,org.cyanogenmod.great.freedom,0,0,0,0,0,0,0,0
1109,com.tobykurien.batteryfu,0,17,0,0,0,0,0,2
1118,com.frozendevs.periodictable,2,51,0,13,18,14,1,43
1125,org.tomdroid,4,91,1,14,14,8,2,94
1126,com.boardgamegeek,0,0,0,0,0,0,0,0
1127,com.boardgamegeek,0,0,0,0,0,0,0,0
1128,com.boardgamegeek,0,0,0,0,0,0,0,0
1129,org.sufficientlysecure.keychain,0,0,0,0,0,0,0,0
1131,org.sufficientlysecure.keychain,0,0,0,0,0,0,0,0
1134,org.xbmc.kore,0,0,0,0,0,0,0,0
1135,org.xbmc.kore,0,0,0,0,0,0,0,0
1136,org.xbmc.kore,0,0,0,0,0,0,0,0
1140,jp.takke.cpustats,0,7,0,2,0,1,1,0
1141,jp.takke.cpustats,0,3,0,0,0,0,0,0
1144,com.jonglen7.jugglinglab,10,197,0,21,63,19,3,51
1145,com.dynamicg.homebuttonlauncher,0,21,0,3,2,1,1,0
1146,rs.pedjaapps.alogcatroot.app,0,11,0,0,0,0,0,10
1150,net.kismetwireless.android.smarterwifimanager,18,186,0,35,37,8,0,108
1167,com.pilot51.voicenotify,0,11,0,1,5,1,1,21
1168,com.pilot51.voicenotify,0,5,0,0,0,0,0,15
1171,de.kugihan.dictionaryformids.hmi,4,66,0,10,11,6,8,74
1175,org.petero.droidfish,9,252,1,39,3,7,7,141
1176,org.petero.droidfish,4,236,0,32,0,2,1,143
1177,org.petero.droidfish,9,241,0,37,2,7,6,148
1180,com.andybotting.tramhunter,24,170,1,50,40,46,6,103
1181,com.lgallardo.qbittorrentclientpro,0,37,0,0,0,0,0,24
1184,org.mozilla.mozstumbler,0,0,0,0,0,0,0,0
1185,org.mozilla.mozstumbler,0,0,0,0,0,0,0,0
1187,me.tsukanov.counter,0,0,0,0,0,0,0,6
1188,me.tsukanov.counter,0,0,0,0,0,0,0,12
1198,com.easwareapps.g2l,0,28,0,4,0,4,4,30
1199,org.fedorahosted.freeotp,0,0,0,0,0,0,0,0
1200,org.fedorahosted.freeotp,14,650,0,122,146,16,8,86
1201,org.fedorahosted.freeotp,8,332,0,61,36,8,4,43
1202,com.artifex.mupdfdemo,0,23,0,0,0,21,0,76
1203,org.openintents.filemanager,0,30,0,4,0,3,7,55
1204,net.sf.times,6,86,0,23,72,12,3,14
1205,net.sf.times,0,80,0,17,66,7,0,8
1206,net.sf.times,6,98,0,22,75,14,3,13
1209,com.dngames.mobilewebcam,1,57,0,7,0,0,9,53
1218,in.shick.diode,0,0,0,0,0,0,0,0
1219,in.shick.diode,0,0,0,0,0,0,0,0
1220,org.openintents.notepad,1,41,0,1,2,1,9,25
1224,com.google.android.marvin.talkback,0,45,0,3,5,0,0,50
1230,com.google.android.gms,0,16,0,0,0,2,1,13
1233,com.eolwral.osmonitor,5,91,0,15,12,36,1,83
1234,com.eolwral.osmonitor,0,86,0,11,6,30,0,77
1235,com.eolwral.osmonitor,4,91,0,16,11,35,0,83
1238,de.saschahlusiak.freebloks,5,99,0,13,10,5,5,91
1240,net.lardcave.keepassnfc,0,0,0,0,0,0,0,1
1242,com.commit451.gitlab,0,0,0,0,0,0,0,0
1243,com.commit451.gitlab,0,0,0,0,0,0,0,0
1255,com.reicast.emulator,0,0,0,0,0,0,0,7
1258,com.sam.hex,19,159,1,45,38,31,3,132
1259,org.happysanta.gd,7,117,0,16,14,8,1,65
1260,com.mridang.wifiinfo,0,29,0,0,0,0,0,0
1267,org.sufficientlysecure.localcalendar,0,19,0,3,0,0,0,14
1268,org.sufficientlysecure.localcalendar,0,20,0,4,0,0,2,15
1289,com.mendhak.gpslogger,0,74,0,9,7,5,5,31
1290,com.oakley.fon,0,0,0,0,0,0,0,0
1291,com.oakley.fon,0,10,0,0,0,0,1,0
1292,com.oakley.fon,0,15,0,0,0,0,0,0
1293,com.javiersantos.mlmanager,0,0,0,0,0,0,0,0
1297,app.openconnect,5,123,0,12,17,3,7,87
1298,app.openconnect,0,118,0,6,12,0,1,81
1300,com.powerpoint45.lucidbrowser,0,39,0,3,0,4,1,25
1304,com.emmaguy.cleanstatusbar,1,51,0,11,22,5,0,36
1305,net.iowaline.dotdash,0,0,0,0,0,0,0,0
1307,net.wigle.wigleandroid,9,175,3,22,81,33,7,99
1308,net.wigle.wigleandroid,4,117,1,8,9,8,4,62
1311,biz.gyrus.yaab,0,18,0,0,0,0,0,35
1314,apps.droidnotify,1,162,0,11,8,3,30,155
1316,jp.sfjp.webglmol.NDKmol,0,13,0,0,0,0,5,11
1320,com.danvelazco.fbwrapper,0,19,0,0,0,0,0,8
1321,com.danvelazco.fbwrapper,3,24,0,5,0,0,0,13
1322,com.danvelazco.fbwrapper,4,25,0,6,1,1,1,14
1331,net.nurik.roman.dashclock,0,50,0,6,0,2,0,66
1333,com.twinone.locker,2,21,0,5,8,6,0,0
1334,org.scoutant.blokish,1,17,0,5,2,0,3,16
1335,org.scoutant.blokish,0,11,0,0,0,0,0,12
1336,org.scoutant.blokish,1,17,0,4,2,0,2,17
1337,org.wahtod.wififixer,21,149,1,42,24,37,4,0
1338,org.wahtod.wififixer,15,144,0,36,18,31,0,0
1339,org.wahtod.wififixer,0,37,0,1,0,6,0,0
1340,org.androidsoft.app.permission,1,9,0,1,0,9,2,4
1344,com.ruesga.android.wallpapers.photophase,0,53,0,0,0,0,0,24
1346,com.ruesga.android.wallpapers.photophase,10,232,0,33,42,19,1,0
1351,ro.weednet.contactssync,10,68,3,21,25,15,4,103
1352,ro.weednet.contactssync,0,43,0,5,7,0,0,0
1354,me.sheimi.sgit,0,0,0,0,0,0,0,0
1355,me.sheimi.sgit,0,0,0,0,0,0,0,0
1357,com.asksven.betterbatterystats,23,320,0,62,122,50,12,135
1358,com.asksven.betterbatterystats,29,363,2,71,124,56,19,162
1359,com.asksven.betterbatterystats,30,364,3,72,125,57,20,164
1361,net.minetest.minetest,0,0,0,0,0,0,0,0
1362,net.minetest.minetest,0,1,0,0,0,0,1,2
1363,net.minetest.minetest,0,1,0,0,0,0,2,3
1364,com.seb.SLWP,0,28,0,0,0,0,0,7
1365,com.seb.SLWP,0,33,0,3,0,0,0,13
1366,org.ligi.fast,0,14,0,0,0,0,2,0
1367,naman14.timber,0,0,0,0,0,0,0,0
1369,naman14.timber,0,0,0,0,0,0,0,0
1371,im.vector.alpha,0,0,0,0,0,0,0,0
1372,de.onyxbits.listmyapps,0,3,0,0,0,0,0,0
1375,douzifly.list,13,131,0,22,30,5,3,0
1387,com.color.colornamer,0,11,0,1,0,4,0,12
1388,uk.ac.ed.inf.mandelbrotmaps,0,6,0,0,0,0,0,1
1393,fr.simon.marquis.preferencesmanager,6,117,0,18,4,4,2,61
1395,fr.simon.marquis.preferencesmanager,9,73,0,15,9,6,2,48
1400,org.mariotaku.twidere.extension.twitlonger,0,21,0,0,0,0,0,0
1401,com.innodroid.mongobrowser,0,0,0,0,0,0,0,0
1408,org.torproject.android,4,81,0,7,3,0,6,57
1417,com.lukekorth.screennotifications,0,137,0,13,74,19,0,21
1418,com.lukekorth.screennotifications,5,142,0,18,76,23,0,26
1419,com.lukekorth.screennotifications,9,230,3,45,94,28,2,52
1422,com.plusonelabs.calendar,4,114,0,66,99,14,0,1
1423,com.plusonelabs.calendar,9,123,2,71,138,20,0,6
1424,com.plusonelabs.calendar,11,124,3,72,143,21,0,7
1425,org.isoron.uhabits,0,0,0,0,0,0,0,0
1426,org.isoron.uhabits,0,0,0,0,0,0,0,0
1427,org.isoron.uhabits,0,0,0,0,0,0,0,0
1428,com.ichi2.anki,0,0,0,0,0,0,0,0
1429,com.ichi2.anki,0,0,0,0,0,0,0,0
1430,com.ichi2.anki,0,0,0,0,0,0,0,0
1435,com.nolanlawson.logcat,0,33,0,0,0,0,0,0
1436,com.nolanlawson.logcat,0,39,0,1,1,0,2,0
1437,info.guardianproject.pixelknot,21,156,2,44,33,26,5,90
1438,info.guardianproject.pixelknot,15,156,0,38,37,22,0,88
1441,jp.yhonda,0,11,0,0,0,0,2,14
1444,ca.rmen.android.poetassistant,0,93,0,8,10,18,3,21
1456,ch.blinkenlights.android.vanilla,4,111,0,10,0,7,0,38
1457,ch.blinkenlights.android.vanilla,9,116,0,15,4,12,4,43
1458,ch.blinkenlights.android.vanilla,10,117,0,16,5,13,5,46
1464,org.kiwix.kiwixmobile,0,9,0,0,0,0,0,33
1465,org.kiwix.kiwixmobile,1,30,0,7,1,0,2,48
1468,com.opendoorstudios.ds4droid,0,29,0,4,0,1,7,14
1473,net.somethingdreadful.MAL,18,159,0,42,40,28,0,109
1474,net.somethingdreadful.MAL,28,242,1,66,118,41,3,157
1481,com.grarak.kerneladiutor,18,216,0,39,38,26,1,200
1482,com.grarak.kerneladiutor,12,212,0,34,32,20,0,195
1483,com.grarak.kerneladiutor,17,219,0,39,37,25,1,200
1487,com.mantz,5,74,0,6,0,4,1,32
1491,com.github.premnirmal.tickerwidget,0,0,0,0,0,0,0,0
1492,com.ubergeek42.WeechatAndroid,29,296,0,62,27,31,6,0
1494,com.ubergeek42.WeechatAndroid,7,203,0,23,8,16,3,57
1495,org.smc.inputmethod.indic,0,0,0,0,0,0,0,0
1496,org.smc.inputmethod.indic,0,0,0,0,0,0,0,0
1497,org.smc.inputmethod.indic,0,0,0,0,0,0,0,0
1505,com.notriddle.budget,0,16,0,0,0,0,0,6
1506,com.nightshadelabs.anotherbrowser,0,0,0,0,0,0,0,0
1516,org.yaaic,27,170,1,51,36,76,13,77
1517,org.yaaic,3,67,0,6,6,41,6,16
1526,de.j4velin.wifiAutoOff,0,9,0,0,0,0,0,0
1527,de.j4velin.wifiAutoOff,0,10,0,0,0,0,0,0
1528,net.sourceforge.subsonic.androidapp,0,61,0,6,0,0,0,120
1529,net.sourceforge.subsonic.androidapp,4,66,0,11,4,0,4,125
1530,net.sourceforge.subsonic.androidapp,4,68,1,12,5,0,5,127
1533,org.addhen.smssync,13,342,0,73,80,11,0,217
1539,net.codechunk.speedofsound,16,113,0,37,22,31,4,0
1543,com.google.zxing.client.android,2,311,0,48,12,6,8,15
1544,aws.apps.usbDeviceEnumerator,0,17,0,0,0,0,0,0
1548,com.hobbyone.HashDroid,0,42,0,0,0,4,3,18
1552,dk.nindroid.rss,0,0,0,0,0,0,0,0
1558,com.mobilepearls.sokoban,0,1,0,0,0,0,0,2
1561,com.github.quarck.calnotify,0,0,0,0,0,0,0,0
1568,com.menny.android.anysoftkeyboard,8,143,1,17,29,15,13,51
1569,com.menny.android.anysoftkeyboard,0,169,0,12,13,10,0,0
1570,com.menny.android.anysoftkeyboard,2,174,0,17,18,19,4,0
1576,kvj.taskw,1,47,0,11,1,15,9,93
1579,jp.co.kayo.android.localplayer,32,513,0,95,36,83,12,278
1580,org.zamedev.gloomydungeons2.opensource,32,349,1,86,83,116,0,137
1585,com.moonpi.swiftnotes,1,14,0,1,0,1,1,20
1595,org.jfedor.frozenbubble,2,84,0,6,13,0,0,42
1599,tv.piratemedia.lightcontroler,7,74,0,13,0,5,5,75
1605,wb.receiptspro,0,0,0,0,0,0,0,0
1606,wb.receiptspro,0,0,0,0,0,0,0,0
1609,com.google.android.diskusage,2,53,0,4,13,7,3,79
1613,com.brentpanther.bitcoinwidget,5,124,2,29,10,11,0,45
1616,at.tomtasche.reader,0,0,0,0,0,0,0,0
1620,com.simplemobiletools.camera,0,8,0,0,0,1,0,0
1621,a2dp.Vol,3,53,0,4,5,0,7,72
1623,a2dp.Vol,0,45,0,0,0,0,1,67
1627,org.cprados.wificellmanager,0,32,0,9,3,0,4,25
1628,org.cprados.wificellmanager,1,32,0,9,1,0,5,19
1640,jp.sblo.pandora.aGrep,0,7,0,0,0,0,0,11
1644,com.simplemobiletools.applauncher,0,5,0,0,0,0,0,0
1648,com.dozingcatsoftware.asciicam,1,11,0,3,2,0,4,18
1649,com.unleashyouradventure.swaccess,0,0,0,0,0,0,0,0
1650,com.unleashyouradventure.swaccess,0,0,0,0,0,0,0,0
1651,de.onyxbits.textfiction,4,39,0,6,0,42,2,0
1657,org.evilsoft.pathfinder.reference,15,205,0,46,31,30,0,87
1660,com.jmstudios.redmoon,2,23,0,3,0,0,4,31
1663,com.gh4a,30,313,1,76,61,38,1,231
1664,com.gh4a,0,0,0,0,0,0,0,0
1666,com.koushikdutta.superuser,0,17,0,1,0,8,2,61
1667,com.koushikdutta.superuser,0,18,0,2,1,9,3,62
1668,com.koushikdutta.superuser,0,12,0,0,0,3,0,56
1669,ca.mimic.apphangar,1,58,0,7,0,0,2,0
1670,ca.mimic.apphangar,2,59,0,8,0,1,3,0
1671,ca.mimic.apphangar,0,59,0,3,0,0,0,0
1678,org.androidsoft.games.memory.kids,0,2,0,0,0,3,0,9
1683,simple.reboot.com,0,12,0,1,1,0,0,0
1687,eu.siacs.conversations,0,0,0,0,0,0,0,0
1690,com.phpsysinfo,1,23,0,1,0,0,1,3
1691,com.Pau.ImapNotes2,0,0,0,0,0,0,0,0
1710,org.montrealtransit.android,16,132,0,26,39,2,11,173
1725,trikita.obsqr,0,9,0,0,0,0,0,3
1726,trikita.obsqr,0,23,0,2,0,0,0,3
1728,et.nWifiManager,0,4,0,0,0,0,0,8
1732,com.darshancomputing.BatteryIndicatorPro,3,38,0,6,0,0,4,38
1739,com.zegoggles.smssync,7,221,4,31,33,14,4,61
1740,com.zegoggles.smssync,1,210,0,25,23,7,0,55
1741,com.zegoggles.smssync,6,215,3,30,28,12,3,60
1743,net.cyclestreets,13,186,1,26,68,48,13,119
1744,com.matejdro.pebbledialer,2,116,0,21,13,18,0,40
1745,com.matejdro.pebbledialer,0,0,0,0,0,0,0,0
1746,com.matejdro.pebbledialer,0,0,0,0,0,0,0,0
1757,net.ralphbroenink.muzei.unsplash,0,0,0,0,0,0,0,0
1761,com.numix.icons,22,127,0,40,26,52,5,100
1762,com.numix.icons,23,124,1,41,32,50,7,90
1763,com.numix.icons,17,118,0,35,26,44,1,84
1768,com.google.android.stardroid,6,61,1,14,0,1,4,69
1774,com.umang.dashnotifier,2,27,0,5,4,3,2,23
1775,com.better.alarm,0,0,0,0,0,0,0,0
1776,com.better.alarm,0,0,0,0,0,0,0,0
1777,com.better.alarm,0,0,0,0,0,0,0,0
1780,com.dozuki.ifixit,0,0,0,0,0,0,0,0
1781,com.dozuki.ifixit,40,397,0,98,97,88,5,267
1782,com.dozuki.ifixit,41,398,1,99,98,89,6,266
1783,com.termux,0,59,0,3,0,0,0,0
1784,com.termux,0,64,0,8,3,0,1,0
1785,com.termux.styling,0,1,0,0,0,0,0,1
1786,com.u17od.upm,0,55,0,1,0,0,5,35
1787,com.u17od.upm,0,62,0,6,2,0,10,40
1793,com.iskrembilen.quasseldroid,5,56,0,14,16,12,3,62
1794,com.iskrembilen.quasseldroid,0,0,0,0,0,0,0,0
1796,de.ph1b.audiobook,0,0,0,0,0,0,0,0
1797,de.ph1b.audiobook,0,0,0,0,0,0,0,0
1798,vnd.blueararat.kaleidoscope6,0,15,0,0,0,0,0,4
1806,com.elsdoerfer.android.autostarts,0,47,0,5,0,0,0,31
1810,at.bitfire.davdroid,0,0,0,0,0,0,0,0
1815,me.phh.superuser,0,9,0,0,0,7,0,45
1817,de.j4velin.pedometer,3,41,0,3,2,0,1,0
1818,de.j4velin.pedometer,4,43,0,4,3,1,2,0
1819,com.daviancorp.android.mh4udatabase,0,146,0,11,0,5,0,87
1826,com.amaze.filemanager,0,0,0,0,0,0,0,0
1827,com.amaze.filemanager,0,0,0,0,0,0,0,0
1828,com.amaze.filemanager,0,0,0,0,0,0,0,0
1960,a2dp.Vol,2,50,0,3,4,0,6,72
1962,acr.browser.lightning,9,202,5,40,8,11,2,0
1964,aws.apps.usbDeviceEnumerator,0,10,0,0,0,0,0,1
1965,be.uhasselt.privacypolice,0,4,0,0,0,0,2,0
1966,ch.corten.aha.worldclock,24,187,1,53,41,34,4,78
1967,com.adam.aslfms,0,48,0,2,2,0,0,14
1968,com.adam.aslfms,0,53,0,8,7,1,2,19
1969,com.adam.aslfms,0,54,0,8,8,2,3,20
1970,com.amaze.filemanager,0,0,0,0,0,0,0,0
1971,com.amaze.filemanager,0,0,0,0,0,0,0,0
1972,com.android.keepass,6,116,0,20,54,64,5,70
1973,com.angrydoughnuts.android.alarmclock,0,20,0,0,0,0,0,51
1975,com.app.missednotificationsreminder,0,0,0,0,0,0,0,0
1976,com.bleyl.recurrence,4,48,0,8,0,3,6,0
1978,com.dozingcatsoftware.cameratimer,0,2,0,0,0,0,0,2
1979,com.duckduckgo.mobile.android,0,0,0,0,0,0,0,0
1981,com.easwareapps.g2l,6,154,0,22,5,15,13,86
1982,com.gelakinetic.mtgfam,0,0,0,0,0,0,0,0
1983,com.gelakinetic.mtgfam,0,0,0,0,0,0,0,0
1992,com.matejdro.pebbledialer,0,0,0,0,0,0,0,0
1994,com.mobilepearls.sokoban,0,1,0,0,0,0,0,0
1995,com.nextcloud.client,27,354,0,62,109,40,8,200
1996,com.oakley.fon,0,10,0,0,0,0,1,0
1998,com.palliser.nztides,0,0,0,0,0,0,0,0
2002,com.pindroid,10,88,0,19,23,2,8,73
2009,com.xargsgrep.portknocker,20,415,4,95,64,169,5,33
2011,damo.three.ie,6,240,1,76,100,25,0,31
2012,de.blinkt.openvpn,6,111,0,10,1,4,4,63
2013,de.danoeh.antennapod,0,0,0,0,0,0,0,0
2015,de.j4velin.wifiAutoOff,0,6,0,0,0,0,0,0
2019,dev.ukanth.ufirewall,0,0,0,0,0,0,0,0
2025,info.guardianproject.pixelknot,9,84,0,11,15,7,2,64
2026,me.tsukanov.counter,0,0,0,0,0,0,0,6
2029,net.kervala.comicsreader,3,59,0,7,3,5,3,13
2030,net.sourceforge.opencamera,5,124,0,14,16,19,1,104
2032,org.ametro,0,0,0,0,0,0,0,0
2033,org.isoron.uhabits,0,0,0,0,0,0,0,0
2034,org.jsl.wfwt,7,92,0,10,0,0,0,48
2035,org.kde.necessitas.ministro,0,41,0,0,0,0,0,10
2036,org.ligi.fast,0,13,0,0,0,0,1,0
2038,org.primftpd,0,0,0,0,0,0,0,0
2040,org.quantumbadger.redreader,0,0,0,0,0,0,0,0
2041,org.quantumbadger.redreader,0,0,0,0,0,0,0,0
2044,org.tamanegi.atmosphere,1,10,0,1,0,0,0,9
2045,org.tasks,0,0,0,0,0,0,0,0
2046,org.tasks,0,0,0,0,0,0,0,0
2047,org.telegram.messenger,0,0,0,0,0,0,0,0